OBJECTID_1,FID_Pointt,OBJECTID,CENTROID_X,CENTROID_Y,Shape_Leng,FID_PASIRS,OID_,Name,FolderPath,SymbolID,AltMode,Base,Clamped,Extruded,Snippet,PopupInfo,Shape_Le_1,LUAS
"4742","19708","19709",107.14279326600,-6.29215966687,0.00214902521,"0","0",Pasirsari,Cluster Kabupaten Bekasi.kmz/Kabupaten Bekasi,"2","0",0.00000000000,"-1","0",,"<html xmlns:fo=""http://www.w3.org/1999/XSL/Format"" xmlns:msxsl=""urn:schemas-microsoft-com:xslt"">

<head>

<META http-equiv=""Content-Type"" content=""text/html"">

<meta http-equiv=""content-type"" content=""text/html; charset=UTF-8"">

</head>

<body style=""mar",0.12228443231,668.01740896000
"4743","19617","19618",107.14208908500,-6.29210931116,0.00283857375,"0","0",Pasirsari,Cluster Kabupaten Bekasi.kmz/Kabupaten Bekasi,"2","0",0.00000000000,"-1","0",,"<html xmlns:fo=""http://www.w3.org/1999/XSL/Format"" xmlns:msxsl=""urn:schemas-microsoft-com:xslt"">

<head>

<META http-equiv=""Content-Type"" content=""text/html"">

<meta http-equiv=""content-type"" content=""text/html; charset=UTF-8"">

</head>

<body style=""mar",0.12228443231,668.01740896000
