OBJECTID_1,FID_Pointt,OBJECTID,CENTROID_X,CENTROID_Y,Shape_Leng,FID_PASIRS,OID_,Name,FolderPath,SymbolID,AltMode,Base,Clamped,Extruded,Snippet,PopupInfo,Shape_Le_1,LUAS
"4248","23697","23698",107.15301717000,-6.29867768763,0.00029566683,"0","0",Pasirsari,Cluster Kabupaten Bekasi.kmz/Kabupaten Bekasi,"2","0",0.00000000000,"-1","0",,"<html xmlns:fo=""http://www.w3.org/1999/XSL/Format"" xmlns:msxsl=""urn:schemas-microsoft-com:xslt"">

<head>

<META http-equiv=""Content-Type"" content=""text/html"">

<meta http-equiv=""content-type"" content=""text/html; charset=UTF-8"">

</head>

<body style=""mar",0.12228443231,668.01740896000
"4388","22367","22368",107.14994829500,-6.29811433912,0.00402054544,"0","0",Pasirsari,Cluster Kabupaten Bekasi.kmz/Kabupaten Bekasi,"2","0",0.00000000000,"-1","0",,"<html xmlns:fo=""http://www.w3.org/1999/XSL/Format"" xmlns:msxsl=""urn:schemas-microsoft-com:xslt"">

<head>

<META http-equiv=""Content-Type"" content=""text/html"">

<meta http-equiv=""content-type"" content=""text/html; charset=UTF-8"">

</head>

<body style=""mar",0.12228443231,668.01740896000
"4430","22630","22631",107.15052562900,-6.29792434380,0.00094706384,"0","0",Pasirsari,Cluster Kabupaten Bekasi.kmz/Kabupaten Bekasi,"2","0",0.00000000000,"-1","0",,"<html xmlns:fo=""http://www.w3.org/1999/XSL/Format"" xmlns:msxsl=""urn:schemas-microsoft-com:xslt"">

<head>

<META http-equiv=""Content-Type"" content=""text/html"">

<meta http-equiv=""content-type"" content=""text/html; charset=UTF-8"">

</head>

<body style=""mar",0.12228443231,668.01740896000
"4579","22024","22025",107.14923689500,-6.29720103876,0.00168762334,"0","0",Pasirsari,Cluster Kabupaten Bekasi.kmz/Kabupaten Bekasi,"2","0",0.00000000000,"-1","0",,"<html xmlns:fo=""http://www.w3.org/1999/XSL/Format"" xmlns:msxsl=""urn:schemas-microsoft-com:xslt"">

<head>

<META http-equiv=""Content-Type"" content=""text/html"">

<meta http-equiv=""content-type"" content=""text/html; charset=UTF-8"">

</head>

<body style=""mar",0.12228443231,668.01740896000
"4632","21761","21762",107.14891754900,-6.29672543944,0.00095692111,"0","0",Pasirsari,Cluster Kabupaten Bekasi.kmz/Kabupaten Bekasi,"2","0",0.00000000000,"-1","0",,"<html xmlns:fo=""http://www.w3.org/1999/XSL/Format"" xmlns:msxsl=""urn:schemas-microsoft-com:xslt"">

<head>

<META http-equiv=""Content-Type"" content=""text/html"">

<meta http-equiv=""content-type"" content=""text/html; charset=UTF-8"">

</head>

<body style=""mar",0.12228443231,668.01740896000
